university,province,subject_type,year,min_score,min_rank
北京大学,北京,理科,2024,683,160,690
北京大学,北京,理科,2023,680,175,687
北京大学,北京,理科,2022,678,185,685
北京大学,北京,文科,2024,668,85,676
北京大学,北京,文科,2023,665,92,673
北京大学,北京,文科,2022,663,98,671
北京大学,广东,物理,2024,678,190,686
北京大学,广东,物理,2023,675,205,683
北京大学,广东,物理,2022,673,215,681
北京大学,浙江,综合,2024,688,130,696
北京大学,浙江,综合,2023,685,145,693
北京大学,浙江,综合,2022,683,155,691
北京大学,山东,综合,2024,680,170,688
北京大学,山东,综合,2023,677,185,685
北京大学,山东,综合,2022,675,195,683
北京大学,湖北,物理,2024,676,180,684
北京大学,湖北,物理,2023,673,195,681
北京大学,湖北,物理,2022,671,205,679
北京大学,四川,理科,2024,686,140,693
北京大学,四川,理科,2023,683,155,690
北京大学,四川,理科,2022,681,165,688
清华大学,北京,理科,2024,686,130,693
清华大学,北京,理科,2023,683,145,690
清华大学,北京,理科,2022,681,155,688
清华大学,广东,物理,2024,681,160,689
清华大学,广东,物理,2023,678,175,686
清华大学,广东,物理,2022,676,185,684
清华大学,浙江,综合,2024,691,110,699
清华大学,浙江,综合,2023,688,125,696
清华大学,浙江,综合,2022,686,135,694
清华大学,山东,综合,2024,683,150,691
清华大学,山东,综合,2023,680,165,688
清华大学,山东,综合,2022,678,175,686
清华大学,湖北,物理,2024,679,160,687
清华大学,湖北,物理,2023,676,175,684
清华大学,湖北,物理,2022,674,185,682
清华大学,四川,理科,2024,688,120,696
清华大学,四川,理科,2023,685,135,693
清华大学,四川,理科,2022,683,145,691
复旦大学,北京,理科,2024,673,310,680
复旦大学,北京,理科,2023,670,330,677
复旦大学,北京,理科,2022,668,345,675
复旦大学,广东,物理,2024,668,360,676
复旦大学,广东,物理,2023,665,380,673
复旦大学,广东,物理,2022,663,395,671
复旦大学,浙江,综合,2024,678,260,686
复旦大学,浙江,综合,2023,675,280,683
复旦大学,浙江,综合,2022,673,295,681
复旦大学,山东,综合,2024,670,330,678
复旦大学,山东,综合,2023,667,350,675
复旦大学,山东,综合,2022,665,365,673
复旦大学,湖北,物理,2024,666,370,674
复旦大学,湖北,物理,2023,663,390,671
复旦大学,湖北,物理,2022,661,405,669
复旦大学,四川,理科,2024,676,290,683
复旦大学,四川,理科,2023,673,310,680
复旦大学,四川,理科,2022,671,325,678
上海交通大学,北京,理科,2024,671,330,678
上海交通大学,北京,理科,2023,668,350,675
上海交通大学,北京,理科,2022,666,365,673
上海交通大学,广东,物理,2024,666,380,674
上海交通大学,广东,物理,2023,663,400,671
上海交通大学,广东,物理,2022,661,415,669
上海交通大学,浙江,综合,2024,676,280,684
上海交通大学,浙江,综合,2023,673,300,681
上海交通大学,浙江,综合,2022,671,315,679
上海交通大学,山东,综合,2024,668,350,676
上海交通大学,山东,综合,2023,665,370,673
上海交通大学,山东,综合,2022,663,385,671
上海交通大学,湖北,物理,2024,664,390,672
上海交通大学,湖北,物理,2023,661,410,669
上海交通大学,湖北,物理,2022,659,425,667
上海交通大学,四川,理科,2024,674,310,681
上海交通大学,四川,理科,2023,671,330,678
上海交通大学,四川,理科,2022,669,345,676
浙江大学,北京,理科,2024,668,360,675
浙江大学,北京,理科,2023,665,380,672
浙江大学,北京,理科,2022,663,395,670
浙江大学,广东,物理,2024,663,410,671
浙江大学,广东,物理,2023,660,430,668
浙江大学,广东,物理,2022,658,445,666
浙江大学,浙江,综合,2024,673,310,681
浙江大学,浙江,综合,2023,670,330,678
浙江大学,浙江,综合,2022,668,345,676
浙江大学,山东,综合,2024,665,380,673
浙江大学,山东,综合,2023,662,400,670
浙江大学,山东,综合,2022,660,415,668
浙江大学,湖北,物理,2024,661,420,669
浙江大学,湖北,物理,2023,658,440,666
浙江大学,湖北,物理,2022,656,455,664
浙江大学,四川,理科,2024,671,340,678
浙江大学,四川,理科,2023,668,360,675
浙江大学,四川,理科,2022,666,375,673
南京大学,北京,理科,2024,663,430,670
南京大学,北京,理科,2023,660,450,667
南京大学,北京,理科,2022,658,465,665
南京大学,广东,物理,2024,658,470,666
南京大学,广东,物理,2023,655,490,663
南京大学,广东,物理,2022,653,505,661
南京大学,浙江,综合,2024,668,370,676
南京大学,浙江,综合,2023,665,390,673
南京大学,浙江,综合,2022,663,405,671
南京大学,山东,综合,2024,660,450,668
南京大学,山东,综合,2023,657,470,665
南京大学,山东,综合,2022,655,485,663
南京大学,湖北,物理,2024,656,490,664
南京大学,湖北,物理,2023,653,510,661
南京大学,湖北,物理,2022,651,525,659
南京大学,四川,理科,2024,666,400,673
南京大学,四川,理科,2023,663,420,670
南京大学,四川,理科,2022,661,435,668
武汉大学,北京,理科,2024,653,610,660
武汉大学,北京,理科,2023,650,640,657
武汉大学,北京,理科,2022,648,660,655
武汉大学,广东,物理,2024,648,660,656
武汉大学,广东,物理,2023,645,690,653
武汉大学,广东,物理,2022,643,710,651
武汉大学,浙江,综合,2024,658,510,666
武汉大学,浙江,综合,2023,655,540,663
武汉大学,浙江,综合,2022,653,560,661
武汉大学,山东,综合,2024,650,630,658
武汉大学,山东,综合,2023,647,660,655
武汉大学,山东,综合,2022,645,680,653
武汉大学,湖北,物理,2024,646,690,654
武汉大学,湖北,物理,2023,643,720,651
武汉大学,湖北,物理,2022,641,740,649
武汉大学,四川,理科,2024,656,560,663
武汉大学,四川,理科,2023,653,590,660
武汉大学,四川,理科,2022,651,610,658
华中科技大学,北京,理科,2024,650,660,657
华中科技大学,北京,理科,2023,647,690,654
华中科技大学,北京,理科,2022,645,710,652
华中科技大学,广东,物理,2024,645,710,653
华中科技大学,广东,物理,2023,642,740,650
华中科技大学,广东,物理,2022,640,760,648
华中科技大学,浙江,综合,2024,655,550,663
华中科技大学,浙江,综合,2023,652,580,660
华中科技大学,浙江,综合,2022,650,600,658
华中科技大学,山东,综合,2024,647,680,655
华中科技大学,山东,综合,2023,644,710,652
华中科技大学,山东,综合,2022,642,730,650
华中科技大学,湖北,物理,2024,643,730,651
华中科技大学,湖北,物理,2023,640,760,648
华中科技大学,湖北,物理,2022,638,780,646
华中科技大学,四川,理科,2024,653,610,660
华中科技大学,四川,理科,2023,650,640,657
华中科技大学,四川,理科,2022,648,660,655
中山大学,北京,理科,2024,646,730,653
中山大学,北京,理科,2023,643,760,650
中山大学,北京,理科,2022,641,780,648
中山大学,广东,物理,2024,641,790,649
中山大学,广东,物理,2023,638,820,646
中山大学,广东,物理,2022,636,840,644
中山大学,浙江,综合,2024,651,610,659
中山大学,浙江,综合,2023,648,640,656
中山大学,浙江,综合,2022,646,660,654
中山大学,山东,综合,2024,643,750,651
中山大学,山东,综合,2023,640,780,648
中山大学,山东,综合,2022,638,800,646
中山大学,湖北,物理,2024,639,810,647
中山大学,湖北,物理,2023,636,840,644
中山大学,湖北,物理,2022,634,860,642
中山大学,四川,理科,2024,649,670,656
中山大学,四川,理科,2023,646,700,653
中山大学,四川,理科,2022,644,720,651
哈尔滨工业大学,北京,理科,2024,643,790,650
哈尔滨工业大学,北京,理科,2023,640,820,647
哈尔滨工业大学,北京,理科,2022,638,840,645
哈尔滨工业大学,广东,物理,2024,638,840,646
哈尔滨工业大学,广东,物理,2023,635,870,643
哈尔滨工业大学,广东,物理,2022,633,890,641
哈尔滨工业大学,浙江,综合,2024,648,660,656
哈尔滨工业大学,浙江,综合,2023,645,690,653
哈尔滨工业大学,浙江,综合,2022,643,710,651
哈尔滨工业大学,山东,综合,2024,640,810,648
哈尔滨工业大学,山东,综合,2023,637,840,645
哈尔滨工业大学,山东,综合,2022,635,860,643
哈尔滨工业大学,湖北,物理,2024,636,870,644
哈尔滨工业大学,湖北,物理,2023,633,900,641
哈尔滨工业大学,湖北,物理,2022,631,920,639
哈尔滨工业大学,四川,理科,2024,646,730,653
哈尔滨工业大学,四川,理科,2023,643,760,650
哈尔滨工业大学,四川,理科,2022,641,780,648
西安交通大学,北京,理科,2024,640,840,647
西安交通大学,北京,理科,2023,637,870,644
西安交通大学,北京,理科,2022,635,890,642
西安交通大学,广东,物理,2024,635,890,643
西安交通大学,广东,物理,2023,632,920,640
西安交通大学,广东,物理,2022,630,940,638
西安交通大学,浙江,综合,2024,645,710,653
西安交通大学,浙江,综合,2023,642,740,650
西安交通大学,浙江,综合,2022,640,760,648
西安交通大学,山东,综合,2024,637,860,645
西安交通大学,山东,综合,2023,634,890,642
西安交通大学,山东,综合,2022,632,910,640
西安交通大学,湖北,物理,2024,633,920,641
西安交通大学,湖北,物理,2023,630,950,638
西安交通大学,湖北,物理,2022,628,970,636
西安交通大学,四川,理科,2024,643,780,650
西安交通大学,四川,理科,2023,640,810,647
西安交通大学,四川,理科,2022,638,830,645
同济大学,北京,理科,2024,638,870,645
同济大学,北京,理科,2023,635,900,642
同济大学,北京,理科,2022,633,920,640
同济大学,广东,物理,2024,633,920,641
同济大学,广东,物理,2023,630,950,638
同济大学,广东,物理,2022,628,970,636
同济大学,浙江,综合,2024,643,750,651
同济大学,浙江,综合,2023,640,780,648
同济大学,浙江,综合,2022,638,800,646
同济大学,山东,综合,2024,635,890,643
同济大学,山东,综合,2023,632,920,640
同济大学,山东,综合,2022,630,940,638
同济大学,湖北,物理,2024,631,950,639
同济大学,湖北,物理,2023,628,980,636
同济大学,湖北,物理,2022,626,1000,634
同济大学,四川,理科,2024,641,810,648
同济大学,四川,理科,2023,638,840,645
同济大学,四川,理科,2022,636,860,643
四川大学,北京,理科,2024,633,950,640
四川大学,北京,理科,2023,630,980,637
四川大学,北京,理科,2022,628,1000,635
四川大学,广东,物理,2024,628,990,636
四川大学,广东,物理,2023,625,1020,633
四川大学,广东,物理,2022,623,1040,631
四川大学,浙江,综合,2024,638,840,646
四川大学,浙江,综合,2023,635,870,643
四川大学,浙江,综合,2022,633,890,641
四川大学,山东,综合,2024,630,960,638
四川大学,山东,综合,2023,627,990,635
四川大学,山东,综合,2022,625,1010,633
四川大学,湖北,物理,2024,626,1020,634
四川大学,湖北,物理,2023,623,1050,631
四川大学,湖北,物理,2022,621,1070,629
四川大学,四川,理科,2024,636,880,643
四川大学,四川,理科,2023,633,910,640
四川大学,四川,理科,2022,631,930,638
山东大学,北京,理科,2024,628,1030,635
山东大学,北京,理科,2023,625,1060,632
山东大学,北京,理科,2022,623,1080,630
山东大学,广东,物理,2024,623,1070,631
山东大学,广东,物理,2023,620,1100,628
山东大学,广东,物理,2022,618,1120,626
山东大学,浙江,综合,2024,633,920,641
山东大学,浙江,综合,2023,630,950,638
山东大学,浙江,综合,2022,628,970,636
山东大学,山东,综合,2024,625,1040,633
山东大学,山东,综合,2023,622,1070,630
山东大学,山东,综合,2022,620,1090,628
山东大学,湖北,物理,2024,621,1100,629
山东大学,湖北,物理,2023,618,1130,626
山东大学,湖北,物理,2022,616,1150,624
山东大学,四川,理科,2024,631,950,638
山东大学,四川,理科,2023,628,980,635
山东大学,四川,理科,2022,626,1000,633
厦门大学,北京,理科,2024,630,990,637
厦门大学,北京,理科,2023,627,1020,634
厦门大学,北京,理科,2022,625,1040,632
厦门大学,广东,物理,2024,625,1040,633
厦门大学,广东,物理,2023,622,1070,630
厦门大学,广东,物理,2022,620,1090,628
厦门大学,浙江,综合,2024,635,890,643
厦门大学,浙江,综合,2023,632,920,640
厦门大学,浙江,综合,2022,630,940,638
厦门大学,山东,综合,2024,627,1010,635
厦门大学,山东,综合,2023,624,1040,632
厦门大学,山东,综合,2022,622,1060,630
厦门大学,湖北,物理,2024,623,1070,631
厦门大学,湖北,物理,2023,620,1100,628
厦门大学,湖北,物理,2022,618,1120,626
厦门大学,四川,理科,2024,633,920,640
厦门大学,四川,理科,2023,630,950,637
厦门大学,四川,理科,2022,628,970,635
北京师范大学,北京,理科,2024,636,900,643
北京师范大学,北京,理科,2023,633,930,640
北京师范大学,北京,理科,2022,631,950,638
北京师范大学,广东,物理,2024,631,960,639
北京师范大学,广东,物理,2023,628,990,636
北京师范大学,广东,物理,2022,626,1010,634
北京师范大学,浙江,综合,2024,641,790,649
北京师范大学,浙江,综合,2023,638,820,646
北京师范大学,浙江,综合,2022,636,840,644
北京师范大学,山东,综合,2024,633,920,641
北京师范大学,山东,综合,2023,630,950,638
北京师范大学,山东,综合,2022,628,970,636
北京师范大学,湖北,物理,2024,629,980,637
北京师范大学,湖北,物理,2023,626,1010,634
北京师范大学,湖北,物理,2022,624,1030,632
北京师范大学,四川,理科,2024,639,840,646
北京师范大学,四川,理科,2023,636,870,643
北京师范大学,四川,理科,2022,634,890,641
南开大学,北京,理科,2024,634,920,641
南开大学,北京,理科,2023,631,950,638
南开大学,北京,理科,2022,629,970,636
南开大学,广东,物理,2024,629,980,637
南开大学,广东,物理,2023,626,1010,634
南开大学,广东,物理,2022,624,1030,632
南开大学,浙江,综合,2024,639,820,647
南开大学,浙江,综合,2023,636,850,644
南开大学,浙江,综合,2022,634,870,642
南开大学,山东,综合,2024,631,950,639
南开大学,山东,综合,2023,628,980,636
南开大学,山东,综合,2022,626,1000,634
南开大学,湖北,物理,2024,627,1010,635
南开大学,湖北,物理,2023,624,1040,632
南开大学,湖北,物理,2022,622,1060,630
南开大学,四川,理科,2024,637,870,644
南开大学,四川,理科,2023,634,900,641
南开大学,四川,理科,2022,632,920,639
北京邮电大学,北京,理科,2024,628,1030,635
北京邮电大学,北京,理科,2023,625,1060,632
北京邮电大学,北京,理科,2022,623,1080,630
北京邮电大学,广东,物理,2024,623,1070,631
北京邮电大学,广东,物理,2023,620,1100,628
北京邮电大学,广东,物理,2022,618,1120,626
北京邮电大学,浙江,综合,2024,633,920,641
北京邮电大学,浙江,综合,2023,630,950,638
北京邮电大学,浙江,综合,2022,628,970,636
北京邮电大学,山东,综合,2024,625,1040,633
北京邮电大学,山东,综合,2023,622,1070,630
北京邮电大学,山东,综合,2022,620,1090,628
北京邮电大学,湖北,物理,2024,621,1100,629
北京邮电大学,湖北,物理,2023,618,1130,626
北京邮电大学,湖北,物理,2022,616,1150,624
北京邮电大学,四川,理科,2024,631,950,638
北京邮电大学,四川,理科,2023,628,980,635
北京邮电大学,四川,理科,2022,626,1000,633
上海财经大学,北京,理科,2024,626,1060,633
上海财经大学,北京,理科,2023,623,1090,630
上海财经大学,北京,理科,2022,621,1110,628
上海财经大学,广东,物理,2024,621,1100,629
上海财经大学,广东,物理,2023,618,1130,626
上海财经大学,广东,物理,2022,616,1150,624
上海财经大学,浙江,综合,2024,631,950,639
上海财经大学,浙江,综合,2023,628,980,636
上海财经大学,浙江,综合,2022,626,1000,634
上海财经大学,山东,综合,2024,623,1070,631
上海财经大学,山东,综合,2023,620,1100,628
上海财经大学,山东,综合,2022,618,1120,626
上海财经大学,湖北,物理,2024,619,1130,627
上海财经大学,湖北,物理,2023,616,1160,624
上海财经大学,湖北,物理,2022,614,1180,622
上海财经大学,四川,理科,2024,629,990,636
上海财经大学,四川,理科,2023,626,1020,633
上海财经大学,四川,理科,2022,624,1040,631
深圳大学,广东,物理,2024,598,1850,606
深圳大学,广东,物理,2023,595,1950,603
深圳大学,广东,物理,2022,593,2050,601
深圳大学,浙江,综合,2024,608,1550,616
深圳大学,浙江,综合,2023,605,1650,613
深圳大学,浙江,综合,2022,603,1750,611
深圳大学,山东,综合,2024,600,1800,608
深圳大学,山东,综合,2023,597,1900,605
深圳大学,山东,综合,2022,595,2000,603
深圳大学,湖北,物理,2024,596,1900,604
深圳大学,湖北,物理,2023,593,2000,601
深圳大学,湖北,物理,2022,591,2100,599
深圳大学,四川,理科,2024,606,1650,613
深圳大学,四川,理科,2023,603,1750,610
深圳大学,四川,理科,2022,601,1850,608
广东工业大学,广东,物理,2024,573,3100,581
广东工业大学,广东,物理,2023,570,3250,578
广东工业大学,广东,物理,2022,568,3400,576
广东工业大学,浙江,综合,2024,583,2550,591
广东工业大学,浙江,综合,2023,580,2700,588
广东工业大学,浙江,综合,2022,578,2850,586
广东工业大学,山东,综合,2024,575,2950,583
广东工业大学,山东,综合,2023,572,3100,580
广东工业大学,山东,综合,2022,570,3250,578
广东工业大学,湖北,物理,2024,571,3200,579
广东工业大学,湖北,物理,2023,568,3350,576
广东工业大学,湖北,物理,2022,566,3500,574
广东工业大学,四川,理科,2024,581,2700,589
广东工业大学,四川,理科,2023,578,2850,586
广东工业大学,四川,理科,2022,576,3000,584
浙江工业大学,浙江,综合,2024,588,2350,596
浙江工业大学,浙江,综合,2023,585,2500,593
浙江工业大学,浙江,综合,2022,583,2650,591
浙江工业大学,广东,物理,2024,576,2950,584
浙江工业大学,广东,物理,2023,573,3100,581
浙江工业大学,广东,物理,2022,571,3250,579
浙江工业大学,山东,综合,2024,578,2800,586
浙江工业大学,山东,综合,2023,575,2950,583
浙江工业大学,山东,综合,2022,573,3100,581
浙江工业大学,湖北,物理,2024,574,3050,582
浙江工业大学,湖北,物理,2023,571,3200,579
浙江工业大学,湖北,物理,2022,569,3350,577
浙江工业大学,四川,理科,2024,584,2550,592
浙江工业大学,四川,理科,2023,581,2700,589
浙江工业大学,四川,理科,2022,579,2850,587
杭州电子科技大学,浙江,综合,2024,583,2550,591
杭州电子科技大学,浙江,综合,2023,580,2700,588
杭州电子科技大学,浙江,综合,2022,578,2850,586
杭州电子科技大学,广东,物理,2024,571,3200,579
杭州电子科技大学,广东,物理,2023,568,3350,576
杭州电子科技大学,广东,物理,2022,566,3500,574
杭州电子科技大学,山东,综合,2024,573,3050,581
杭州电子科技大学,山东,综合,2023,570,3200,578
杭州电子科技大学,山东,综合,2022,568,3350,576
杭州电子科技大学,湖北,物理,2024,569,3300,577
杭州电子科技大学,湖北,物理,2023,566,3450,574
杭州电子科技大学,湖北,物理,2022,564,3600,572
杭州电子科技大学,四川,理科,2024,579,2800,587
杭州电子科技大学,四川,理科,2023,576,2950,584
杭州电子科技大学,四川,理科,2022,574,3100,582
南京邮电大学,江苏,物理,2024,568,3400,576
南京邮电大学,江苏,物理,2023,565,3550,573
南京邮电大学,江苏,物理,2022,563,3700,571
南京邮电大学,广东,物理,2024,566,3500,574
南京邮电大学,广东,物理,2023,563,3650,571
南京邮电大学,广东,物理,2022,561,3800,569
南京邮电大学,浙江,综合,2024,578,2800,586
南京邮电大学,浙江,综合,2023,575,2950,583
南京邮电大学,浙江,综合,2022,573,3100,581
南京邮电大学,山东,综合,2024,570,3250,578
南京邮电大学,山东,综合,2023,567,3400,575
南京邮电大学,山东,综合,2022,565,3550,573
南京邮电大学,湖北,物理,2024,564,3600,572
南京邮电大学,湖北,物理,2023,561,3750,569
南京邮电大学,湖北,物理,2022,559,3900,567
南京邮电大学,四川,理科,2024,574,3050,582
南京邮电大学,四川,理科,2023,571,3200,579
南京邮电大学,四川,理科,2022,569,3350,577
成都理工大学,四川,理科,2024,553,4600,561
成都理工大学,四川,理科,2023,550,4750,558
成都理工大学,四川,理科,2022,548,4900,556
成都理工大学,广东,物理,2024,546,4900,554
成都理工大学,广东,物理,2023,543,5050,551
成都理工大学,广东,物理,2022,541,5200,549
成都理工大学,浙江,综合,2024,560,4100,568
成都理工大学,浙江,综合,2023,557,4250,565
成都理工大学,浙江,综合,2022,555,4400,563
成都理工大学,山东,综合,2024,552,4650,560
成都理工大学,山东,综合,2023,549,4800,557
成都理工大学,山东,综合,2022,547,4950,555
成都理工大学,湖北,物理,2024,544,5000,552
成都理工大学,湖北,物理,2023,541,5150,549
成都理工大学,湖北,物理,2022,539,5300,547
长沙理工大学,湖南,物理,2024,543,5100,551
长沙理工大学,湖南,物理,2023,540,5250,548
长沙理工大学,湖南,物理,2022,538,5400,546
长沙理工大学,广东,物理,2024,538,5350,546
长沙理工大学,广东,物理,2023,535,5500,543
长沙理工大学,广东,物理,2022,533,5650,541
长沙理工大学,浙江,综合,2024,553,4600,561
长沙理工大学,浙江,综合,2023,550,4750,558
长沙理工大学,浙江,综合,2022,548,4900,556
长沙理工大学,山东,综合,2024,545,4950,553
长沙理工大学,山东,综合,2023,542,5100,550
长沙理工大学,山东,综合,2022,540,5250,548
长沙理工大学,湖北,物理,2024,536,5400,544
长沙理工大学,湖北,物理,2023,533,5550,541
长沙理工大学,湖北,物理,2022,531,5700,539
长沙理工大学,四川,理科,2024,548,4800,556
长沙理工大学,四川,理科,2023,545,4950,553
长沙理工大学,四川,理科,2022,543,5100,551
重庆邮电大学,重庆,物理,2024,538,5350,546
重庆邮电大学,重庆,物理,2023,535,5500,543
重庆邮电大学,重庆,物理,2022,533,5650,541
重庆邮电大学,广东,物理,2024,533,5600,541
重庆邮电大学,广东,物理,2023,530,5750,538
重庆邮电大学,广东,物理,2022,528,5900,536
重庆邮电大学,浙江,综合,2024,548,4800,556
重庆邮电大学,浙江,综合,2023,545,4950,553
重庆邮电大学,浙江,综合,2022,543,5100,551
重庆邮电大学,山东,综合,2024,540,5200,548
重庆邮电大学,山东,综合,2023,537,5350,545
重庆邮电大学,山东,综合,2022,535,5500,543
重庆邮电大学,湖北,物理,2024,531,5700,539
重庆邮电大学,湖北,物理,2023,528,5850,536
重庆邮电大学,湖北,物理,2022,526,6000,534
重庆邮电大学,四川,理科,2024,543,5100,551
重庆邮电大学,四川,理科,2023,540,5250,548
重庆邮电大学,四川,理科,2022,538,5400,546
西安理工大学,陕西,理科,2024,518,7200,526
西安理工大学,陕西,理科,2023,515,7400,523
西安理工大学,陕西,理科,2022,513,7600,521
西安理工大学,广东,物理,2024,513,7400,521
西安理工大学,广东,物理,2023,510,7600,518
西安理工大学,广东,物理,2022,508,7800,516
西安理工大学,浙江,综合,2024,530,5800,538
西安理工大学,浙江,综合,2023,527,6000,535
西安理工大学,浙江,综合,2022,525,6200,533
西安理工大学,山东,综合,2024,522,6600,530
西安理工大学,山东,综合,2023,519,6800,527
西安理工大学,山东,综合,2022,517,7000,525
西安理工大学,湖北,物理,2024,511,7500,519
西安理工大学,湖北,物理,2023,508,7700,516
西安理工大学,湖北,物理,2022,506,7900,514
西安理工大学,四川,理科,2024,526,6300,534
西安理工大学,四川,理科,2023,523,6500,531
西安理工大学,四川,理科,2022,521,6700,529
昆明理工大学,云南,理科,2024,508,8200,516
昆明理工大学,云南,理科,2023,505,8400,513
昆明理工大学,云南,理科,2022,503,8600,511
昆明理工大学,广东,物理,2024,503,8500,511
昆明理工大学,广东,物理,2023,500,8700,508
昆明理工大学,广东,物理,2022,498,8900,506
昆明理工大学,浙江,综合,2024,520,6800,528
昆明理工大学,浙江,综合,2023,517,7000,525
昆明理工大学,浙江,综合,2022,515,7200,523
昆明理工大学,山东,综合,2024,512,7600,520
昆明理工大学,山东,综合,2023,509,7800,517
昆明理工大学,山东,综合,2022,507,8000,515
昆明理工大学,湖北,物理,2024,501,8600,509
昆明理工大学,湖北,物理,2023,498,8800,506
昆明理工大学,湖北,物理,2022,496,9000,504
昆明理工大学,四川,理科,2024,516,7300,524
昆明理工大学,四川,理科,2023,513,7500,521
昆明理工大学,四川,理科,2022,511,7700,519
黄河科技学院,河南,理科,2024,428,26000,436
黄河科技学院,河南,理科,2023,425,27000,433
黄河科技学院,河南,理科,2022,423,28000,431
黄河科技学院,河南,文科,2024,443,23000,451
黄河科技学院,河南,文科,2023,440,24000,448
黄河科技学院,河南,文科,2022,438,25000,446
黄河科技学院,广东,物理,2024,438,25000,446
黄河科技学院,广东,物理,2023,435,26000,443
黄河科技学院,广东,物理,2022,433,27000,441
武昌首义学院,湖北,物理,2024,438,25000,446
武昌首义学院,湖北,物理,2023,435,26000,443
武昌首义学院,湖北,物理,2022,433,27000,441
武昌首义学院,湖北,历史,2024,453,22000,461
武昌首义学院,湖北,历史,2023,450,23000,458
武昌首义学院,湖北,历史,2022,448,24000,456
武昌首义学院,广东,物理,2024,433,26500,441
武昌首义学院,广东,物理,2023,430,27500,438
武昌首义学院,广东,物理,2022,428,28500,436
西安欧亚学院,陕西,理科,2024,418,28000,426
西安欧亚学院,陕西,理科,2023,415,29000,423
西安欧亚学院,陕西,理科,2022,413,30000,421
西安欧亚学院,陕西,文科,2024,433,26000,441
西安欧亚学院,陕西,文科,2023,430,27000,438
西安欧亚学院,陕西,文科,2022,428,28000,436
西安欧亚学院,广东,物理,2024,423,27000,431
西安欧亚学院,广东,物理,2023,420,28000,428
西安欧亚学院,广东,物理,2022,418,29000,426
山东英才学院,山东,综合,2024,438,25000,446
山东英才学院,山东,综合,2023,435,26000,443
山东英才学院,山东,综合,2022,433,27000,441
山东英才学院,广东,物理,2024,428,27000,436
山东英才学院,广东,物理,2023,425,28000,433
山东英才学院,广东,物理,2022,423,29000,431
山东英才学院,河南,理科,2024,433,26500,441
山东英才学院,河南,理科,2023,430,27500,438
山东英才学院,河南,理科,2022,428,28500,436
北京城市学院,北京,综合,2024,448,22000,456
北京城市学院,北京,综合,2023,445,23000,453
北京城市学院,北京,综合,2022,443,24000,451
北京城市学院,广东,物理,2024,436,25500,444
北京城市学院,广东,物理,2023,433,26500,441
北京城市学院,广东,物理,2022,431,27500,439
北京城市学院,山东,综合,2024,440,24500,448
北京城市学院,山东,综合,2023,437,25500,445
北京城市学院,山东,综合,2022,435,26500,443
